User,Transaction,Tag
User10,ME DC SI/1MG /202300192988/595790/BANGALORE,Medical
User3,MPS/AMAZON /202357956730/802118/BANGALORE,Shopping
User6,BIL XXXXXXXXXXXXXX RAVI MEDICINE /202309388865/238317/BANGALORE,Medical
User6,POS XXXXXXXXXXXXXXX COLUMBIA ASIA /202370648016/582573/BANGALORE,Medical
User9,MPS/MEGHNA FOODS /202369913519/574763/BANGALORE,Food
User18,ME DC SI XXXXXXXXXXXX TRIVAGO /202393885267/409603/BANGALORE,Travel
User2,POS/MCDONALDS /202325434253/935611/BANGALORE,Food
User6,POS/VODAFONE RED /202364260164/375565/BANGALORE,Subscription
User19,POS XXXXXXXXXXXX FLIPKART /202349330193/918999/BANGALORE,Shopping
User19,BIL XXXXXXXXXX 1MG /202342678454/349770/BANGALORE,Medical
User15,MPS/PANTALOONS /202369234762/520603/BANGALORE,Shopping
User11,BIL/RAVI MEDICINE /202358833934/305738/BANGALORE,Medical
User20,BIL/TRUFFLES /202372850954/907287/BANGALORE,Food
User15,POS/FABINDIA /202319113862/811834/BANGALORE,Shopping
User7,BIL XXXXXXXXXXXX MEGHNA FOODS /202345689126/283457/BANGALORE,Food
User5,MPS XXXXXXXXXXXX TANISHQ /202323038218/258994/BANGALORE,Shopping
User20,BIL/ESHA SWEETS /202330325956/953890/BANGALORE,Food
User3,ME DC SI XXXXXXXXXXXX DISNEY+ HOTSTAR /202371774744/781060/BANGALORE,Subscription
User8,BIL/AMAZON /202371417772/368064/BANGALORE,Shopping
User8,BIL/FABINDIA /202357900926/268706/BANGALORE,Shopping
User16,MPS/MEDPLUS /202378284113/575733/BANGALORE,Medical
User5,POS XXXXXXXXXXXXXX KANTI SWEETS /202327742764/961261/BANGALORE,Food
User3,BIL XXXXXXXXXXXX KARIM’S /202322572971/172988/BANGALORE,Food
User5,ME DC SI/PRIME VIDEO /202312365932/793944/BANGALORE,Subscription
User13,BIL XXXXXXXXXX YATRA /202315143951/862388/BANGALORE,Travel
User20,MPS/FORTIS /202314800225/401192/BANGALORE,Medical
User14,ME DC SI XXXXXXXXXXXXX BOOKING.COM /202354039286/338966/BANGALORE,Travel
User20,BIL XXXXXXXXXXXXX FABINDIA /202323879854/915367/BANGALORE,Shopping
User17,ME DC SI XXXXXXXXXXXXX PRIME VIDEO /202334297210/559479/BANGALORE,Subscription
User9,BIL XXXXXXXXXXXX TRIVAGO /202330726455/666818/BANGALORE,Travel
User5,POS/NETFLIX /202391299948/365358/BANGALORE,Subscription
User7,ME DC SI/GAANA /202332418449/930949/BANGALORE,Subscription
User1,BIL/1MG /202361659477/888761/BANGALORE,Medical
User7,ME DC SI/GOIBIBO /202379208611/902691/BANGALORE,Travel
User7,ME DC SI/BIG BAZAAR /202345712268/809139/BANGALORE,Shopping
User13,POS/MANOJ SWEETS /202341886091/126579/BANGALORE,Food
User14,ME DC SI/COLUMBIA ASIA /202384339094/941932/BANGALORE,Medical
User13,MPS/1MG /202377953556/599738/BANGALORE,Medical
User3,ME DC SI/PANTALOONS /202334037218/334247/BANGALORE,Shopping
User8,POS/FLIPKART /202359824164/918993/BANGALORE,Shopping
User2,ME DC SI XXXXXXXXXX NARAYANA HEALTH /202397247085/438285/BANGALORE,Medical
User7,POS/MCDONALDS /202304878461/310820/BANGALORE,Food
User9,POS XXXXXXXXXXXXXX TACO BELL /202395917443/824092/BANGALORE,Food
User5,BIL/PANTALOONS /202342052291/443976/BANGALORE,Shopping
User18,BIL XXXXXXXXXXXXXXX NETFLIX /202326634228/346507/BANGALORE,Subscription
User4,MPS/IKEA /202320318611/861588/BANGALORE,Shopping
User2,MPS XXXXXXXXXXXXXXX RELIANCE DIGITAL /202374912299/503824/BANGALORE,Shopping
User17,BIL XXXXXXXXXXXXXX SPICEJET /202329458933/260483/BANGALORE,Travel
User12,BIL XXXXXXXXXXXX TINDER /202367572500/571844/BANGALORE,Subscription
User9,MPS XXXXXXXXXXXXXXX COLUMBIA ASIA /202362648985/881005/BANGALORE,Medical
User20,ME DC SI XXXXXXXXXX SPOTIFY /202377733563/805064/BANGALORE,Subscription
User11,BIL XXXXXXXXXXXX OYO ROOMS /202361480370/574773/BANGALORE,Travel
User9,POS/NETFLIX /202349892709/555372/BANGALORE,Subscription
User11,POS/MAX HEALTHCARE /202396024567/166294/BANGALORE,Medical
User18,MPS/RAVI MEDICINE /202332450643/512887/BANGALORE,Medical
User9,MPS/BOOKING.COM /202306274758/120343/BANGALORE,Travel
User13,MPS XXXXXXXXXXXXXX APOLLO PHARMACY /202363722834/256664/BANGALORE,Medical
User4,BIL XXXXXXXXXXXX MAX HEALTHCARE /202315749163/598132/BANGALORE,Medical
User1,MPS/BIG BAZAAR /202395362403/343368/BANGALORE,Shopping
User6,MPS XXXXXXXXXXX MAX HEALTHCARE /202315023897/657123/BANGALORE,Medical
User6,BIL/MANIS DUM BIRYANI /202370512792/165105/BANGALORE,Food
User19,BIL XXXXXXXXXXX TACO BELL /202379375069/760405/BANGALORE,Food
User14,POS/SPOTIFY /202353752792/330156/BANGALORE,Subscription
User4,ME DC SI XXXXXXXXXXXX KANTI SWEETS /202305107569/777424/BANGALORE,Food
User12,POS XXXXXXXXXXX INDIGO /202377120505/178580/BANGALORE,Travel
User14,MPS/SONY LIV /202331454087/953548/BANGALORE,Subscription
User8,BIL XXXXXXXXXXXXXXX APOLLO PHARMACY /202307585147/289171/BANGALORE,Medical
User4,BIL XXXXXXXXXXXXX APOLLO PHARMACY /202314676666/481048/BANGALORE,Medical
User18,POS XXXXXXXXXXXXXX MCDONALDS /202304821510/595770/BANGALORE,Food
User4,ME DC SI/BURGER KING /202369594319/722626/BANGALORE,Food
User10,ME DC SI XXXXXXXXXXXXX HOTSTAR /202398900945/924016/BANGALORE,Subscription
User19,ME DC SI/YATRA /202354599270/947231/BANGALORE,Travel
User17,ME DC SI XXXXXXXXXXXXXXX GAANA /202320761098/984238/BANGALORE,Subscription
User7,BIL/AIR INDIA /202318411680/790865/BANGALORE,Travel
User19,ME DC SI XXXXXXXXXXXX PANTALOONS /202351297934/334431/BANGALORE,Shopping
User6,POS XXXXXXXXXXXXXX AIR INDIA /202325914184/140126/BANGALORE,Travel
User5,POS/DISNEY+ HOTSTAR /202374224601/457964/BANGALORE,Subscription
User19,ME DC SI/FORTIS /202395427972/178222/BANGALORE,Medical
User15,POS XXXXXXXXXXXXXXX SPICEJET /202325465363/374070/BANGALORE,Travel
User4,POS XXXXXXXXXXXX ARUN MEDICAL /202344610761/121287/BANGALORE,Medical
User4,MPS XXXXXXXXXXXX RELIANCE DIGITAL /202317648995/185873/BANGALORE,Shopping
User2,BIL XXXXXXXXXXXXXXX INDIGO /202376717942/379475/BANGALORE,Travel
User14,BIL XXXXXXXXXX NARAYANA HEALTH /202377986373/813970/BANGALORE,Medical
User20,POS/IRCTC /202380778197/548662/BANGALORE,Travel
User7,ME DC SI XXXXXXXXXXXXX MEDPLUS /202389325854/771890/BANGALORE,Medical
User11,POS/INDIGO /202321957299/713288/BANGALORE,Travel
User4,ME DC SI/HOTSTAR /202344658359/264882/BANGALORE,Subscription
User4,MPS/AIIMS /202357431637/666554/BANGALORE,Medical
User16,BIL/SONY LIV /202384580837/436814/BANGALORE,Subscription
User4,POS XXXXXXXXXXXX COLUMBIA ASIA /202377049649/654105/BANGALORE,Medical
User5,ME DC SI/IKEA /202386125984/823553/BANGALORE,Shopping
User9,BIL/TINDER /202323973620/586168/BANGALORE,Subscription
User17,MPS/IRCTC /202369674502/104113/BANGALORE,Travel
User12,ME DC SI/MEDPLUS /202377003730/418173/BANGALORE,Medical
User13,POS/ALT BALAJI /202382833378/630482/BANGALORE,Subscription
User16,MPS/SARAVANA BHAVAN /202388316769/991402/BANGALORE,Food
User10,BIL XXXXXXXXXXXXX MANOJ SWEETS /202373494951/958949/BANGALORE,Food
User20,ME DC SI/MCDONALDS /202394389446/441669/BANGALORE,Food
User1,POS XXXXXXXXXXXXXX AMAZON /202332133866/614867/BANGALORE,Shopping
User13,POS XXXXXXXXXXXXX ARUN MEDICAL /202377361027/945331/BANGALORE,Medical
User9,ME DC SI XXXXXXXXXXXXX SPICEJET /202399871670/132364/BANGALORE,Travel
User16,POS/HALDIRAMS /202381627153/910636/BANGALORE,Food
User10,ME DC SI XXXXXXXXXX GAANA /202387243384/405102/BANGALORE,Subscription
User15,MPS XXXXXXXXXX MAKEMYTRIP /202381603300/941088/BANGALORE,Travel
User7,POS XXXXXXXXXX ARUN MEDICAL /202301741953/292674/BANGALORE,Medical
User11,BIL XXXXXXXXXXXXX YATRA /202333967226/657649/BANGALORE,Travel
User3,MPS XXXXXXXXXXXXXXX HALDIRAMS /202384101299/174323/BANGALORE,Food
User15,MPS/MANIS DUM BIRYANI /202371719853/235938/BANGALORE,Food
User1,MPS XXXXXXXXXXXXXX TRIVAGO /202390278118/652045/BANGALORE,Travel
User3,MPS/DECATHLON /202303082343/221836/BANGALORE,Shopping
User18,ME DC SI XXXXXXXXXXXX RELIANCE DIGITAL /202356931447/768639/BANGALORE,Shopping
User18,BIL XXXXXXXXXXXXXX FABINDIA /202325149487/685053/BANGALORE,Shopping
User11,ME DC SI/MEDANTA /202392464920/646186/BANGALORE,Medical
User9,POS XXXXXXXXXXXXXX OYO ROOMS /202344514473/167283/BANGALORE,Travel
User16,ME DC SI/TINDER /202368795259/138412/BANGALORE,Subscription
User14,MPS XXXXXXXXXXXX INDIGO /202356206445/961237/BANGALORE,Travel
User3,POS/BURGER KING /202366665777/900067/BANGALORE,Food
User14,ME DC SI/NAGARJUNA BIRYANI /202346939110/263219/BANGALORE,Food
User12,MPS XXXXXXXXXXXX ZEE5 /202350955678/386167/BANGALORE,Subscription
User11,MPS/FABINDIA /202390873541/500499/BANGALORE,Shopping
User3,BIL XXXXXXXXXXXXXXX NETFLIX /202310599686/574741/BANGALORE,Subscription
User8,POS XXXXXXXXXXXXXXX BOOKING.COM /202335706517/888604/BANGALORE,Travel
User2,BIL XXXXXXXXXXX SPOTIFY /202303649771/735470/BANGALORE,Subscription
User20,ME DC SI/BUMBLE /202357229990/879732/BANGALORE,Subscription
User1,POS/FORTIS /202331419192/418368/BANGALORE,Medical
User10,BIL/IKEA /202346739009/892710/BANGALORE,Shopping
User9,BIL/VODAFONE RED /202304962322/493862/BANGALORE,Subscription
User15,ME DC SI/PANTALOONS /202395351136/318400/BANGALORE,Shopping
User14,ME DC SI XXXXXXXXXXXX TINDER /202394625849/809637/BANGALORE,Subscription
User14,POS XXXXXXXXXXXX IRCTC /202327920283/329226/BANGALORE,Travel
User19,MPS XXXXXXXXXX ZEE5 /202389275528/220214/BANGALORE,Subscription
User8,BIL XXXXXXXXXXXXXX SONY LIV /202315865082/161881/BANGALORE,Subscription
User7,BIL/APOLLO PHARMACY /202303117041/286986/BANGALORE,Medical
User6,ME DC SI XXXXXXXXXXXXXXX MEDPLUS /202350616166/865702/BANGALORE,Medical
User11,POS/BARBEQUE NATION /202383296961/864213/BANGALORE,Food
User20,ME DC SI/MEDANTA /202346953339/427450/BANGALORE,Medical
User8,POS XXXXXXXXXXXXX IKEA /202328852786/351404/BANGALORE,Shopping
User17,POS XXXXXXXXXXXX BOOKING.COM /202369731084/216673/BANGALORE,Travel
User9,MPS/TANISHQ /202392040062/337629/BANGALORE,Shopping
User14,BIL XXXXXXXXXXXXX FABINDIA /202319800339/728259/BANGALORE,Shopping
User16,ME DC SI XXXXXXXXXXXXXXX 1MG /202393996772/871083/BANGALORE,Medical
User19,ME DC SI/KARIM’S /202394034144/951178/BANGALORE,Food
User15,POS XXXXXXXXXXXXX BURGER KING /202333122224/441293/BANGALORE,Food
User6,ME DC SI/MEGHNA FOODS /202373270397/379518/BANGALORE,Food
User17,ME DC SI/MEDPLUS /202316507515/928651/BANGALORE,Medical
User9,MPS/ARUN MEDICAL /202339350305/253111/BANGALORE,Medical
User12,BIL/MAKEMYTRIP /202329220591/481615/BANGALORE,Travel
User6,BIL XXXXXXXXXXXXXXX BOOKING.COM /202384146095/523266/BANGALORE,Travel
User1,BIL/ARUN MEDICAL /202323254237/231409/BANGALORE,Medical
User1,MPS/INDIGO /202378233191/401159/BANGALORE,Travel
User15,MPS XXXXXXXXXXXX TINDER /202331261125/204341/BANGALORE,Subscription
User13,POS/ESHA SWEETS /202385899852/961062/BANGALORE,Food
User19,MPS/HALDIRAMS /202374924399/739974/BANGALORE,Food
User7,BIL/NARAYANA HEALTH /202390064499/411388/BANGALORE,Medical
User16,BIL XXXXXXXXXX DISNEY+ HOTSTAR /202382379585/245051/BANGALORE,Subscription
User9,POS XXXXXXXXXXXXX MEDPLUS /202304822657/498500/BANGALORE,Medical
User8,POS/YATRA /202358551389/140843/BANGALORE,Travel
User4,ME DC SI/NETFLIX /202377482922/330206/BANGALORE,Subscription
User16,BIL/MCDONALDS /202309868116/987515/BANGALORE,Food
User13,MPS XXXXXXXXXXXXXXX MANIS DUM BIRYANI /202331166083/125957/BANGALORE,Food
User4,ME DC SI/YATRA /202312215968/686184/BANGALORE,Travel
User15,MPS XXXXXXXXXX YATRA /202360928017/254141/BANGALORE,Travel
User14,BIL XXXXXXXXXXXXXXX 1MG /202357843412/457247/BANGALORE,Medical
User10,BIL/ESHA SWEETS /202377596855/762571/BANGALORE,Food
User7,BIL XXXXXXXXXXXXX YATRA /202310897554/932760/BANGALORE,Travel
User19,POS XXXXXXXXXXXX BIG BAZAAR /202334973463/987293/BANGALORE,Shopping
User13,MPS/TRIVAGO /202335803761/529495/BANGALORE,Travel
User16,BIL XXXXXXXXXXXXXXX BOOKING.COM /202373822641/900593/BANGALORE,Travel
User16,ME DC SI/KARIM’S /202386119752/906974/BANGALORE,Food
User12,BIL/1MG /202386231029/946655/BANGALORE,Medical
User11,MPS/VODAFONE RED /202349821767/556529/BANGALORE,Subscription
User11,POS/TRIVAGO /202313823875/583348/BANGALORE,Travel
User9,ME DC SI XXXXXXXXXXXXX MEDANTA /202356728810/457001/BANGALORE,Medical
User13,BIL XXXXXXXXXXXX AMAZON /202340272433/230302/BANGALORE,Shopping
User10,ME DC SI/PANTALOONS /202302745049/995956/BANGALORE,Shopping
User3,ME DC SI/FORTIS /202350932829/616666/BANGALORE,Medical
User7,BIL XXXXXXXXXX FLIPKART /202351870574/604011/BANGALORE,Shopping
User17,MPS XXXXXXXXXXXXXX NETMEDS /202331859097/308714/BANGALORE,Medical
User9,ME DC SI XXXXXXXXXXXXXX HOTSTAR /202380177235/803922/BANGALORE,Subscription
User4,BIL/SHOPPERS STOP /202340311579/533113/BANGALORE,Shopping
User17,POS XXXXXXXXXX FLIPKART /202321868941/456996/BANGALORE,Shopping
User12,POS/SPOTIFY /202313650032/223892/BANGALORE,Subscription
User17,ME DC SI/INDIGO /202336888982/269416/BANGALORE,Travel
User8,MPS XXXXXXXXXXXX MANIS DUM BIRYANI /202320850832/477958/BANGALORE,Food
User7,MPS/HOTSTAR /202346437168/601564/BANGALORE,Subscription
User10,MPS XXXXXXXXXXXXXXX TRUFFLES /202346157758/323197/BANGALORE,Food
User1,POS/TANISHQ /202361699839/173986/BANGALORE,Shopping
User3,ME DC SI/AIR INDIA /202320259823/502089/BANGALORE,Travel
User15,BIL/MEGHNA FOODS /202347288515/647963/BANGALORE,Food
User16,BIL/ALT BALAJI /202311603169/935118/BANGALORE,Subscription
User17,ME DC SI XXXXXXXXXXXXXXX TANISHQ /202306479489/853731/BANGALORE,Shopping
User12,MPS/TRIVAGO /202349062795/721930/BANGALORE,Travel
User11,POS/MANOJ SWEETS /202315066317/417493/BANGALORE,Food
User10,MPS XXXXXXXXXX BURGER KING /202355395066/445005/BANGALORE,Food
User9,ME DC SI/MANIS DUM BIRYANI /202374728784/285934/BANGALORE,Food
User15,BIL/DOMINOS PIZZA /202334731574/369591/BANGALORE,Food
User4,MPS XXXXXXXXXX BIG BAZAAR /202370735682/444290/BANGALORE,Shopping
User19,ME DC SI XXXXXXXXXX KANTI SWEETS /202310749069/232055/BANGALORE,Food
User19,ME DC SI XXXXXXXXXXXXXXX DOMINOS PIZZA /202332755592/425645/BANGALORE,Food
User15,MPS/FLIPKART /202393677900/340492/BANGALORE,Shopping
User6,MPS XXXXXXXXXXX HALDIRAMS /202339795847/398902/BANGALORE,Food
User3,MPS XXXXXXXXXXXXX OYO ROOMS /202363276406/479528/BANGALORE,Travel
User19,BIL XXXXXXXXXXXXXX IKEA /202323187648/322418/BANGALORE,Shopping
User19,POS/RAVI MEDICINE /202347900997/443032/BANGALORE,Medical
User17,POS/AIR INDIA /202381250247/395757/BANGALORE,Travel
User6,ME DC SI XXXXXXXXXXXXXX APOLLO PHARMACY /202387989417/859662/BANGALORE,Medical
User1,POS/APOLLO PHARMACY /202339994391/268481/BANGALORE,Medical
User11,ME DC SI/ALT BALAJI /202321393021/914948/BANGALORE,Subscription
User12,MPS/MAX HEALTHCARE /202303575154/636737/BANGALORE,Medical
User4,POS XXXXXXXXXXXXXXX PANTALOONS /202336422776/531650/BANGALORE,Shopping
User1,POS/PRIME VIDEO /202331317775/123219/BANGALORE,Subscription
User14,MPS/PARADISE BIRYANI /202359780773/173644/BANGALORE,Food
User3,BIL/FLIPKART /202322586549/506773/BANGALORE,Shopping
User18,MPS/AIIMS /202321499539/868427/BANGALORE,Medical
User12,BIL XXXXXXXXXX HOTSTAR /202314292659/689357/BANGALORE,Subscription
User5,MPS XXXXXXXXXXXXX NAGARJUNA BIRYANI /202375513941/113065/BANGALORE,Food
User1,MPS/RELIANCE DIGITAL /202390749545/981950/BANGALORE,Shopping
User16,BIL XXXXXXXXXXXXXX SPICEJET /202350420231/665572/BANGALORE,Travel
User6,MPS XXXXXXXXXX ESHA SWEETS /202356572654/959735/BANGALORE,Food
User3,ME DC SI/COLUMBIA ASIA /202365364110/727299/BANGALORE,Medical
User3,ME DC SI XXXXXXXXXXXXX NARAYANA HEALTH /202339724780/395246/BANGALORE,Medical
User8,ME DC SI/INDIGO /202384787474/901916/BANGALORE,Travel
User8,ME DC SI XXXXXXXXXXXXXXX NETFLIX /202381982681/839776/BANGALORE,Subscription
User13,MPS/BARBEQUE NATION /202347256590/213870/BANGALORE,Food
User8,MPS XXXXXXXXXXX MEGHNA FOODS /202303560345/626102/BANGALORE,Food
User19,BIL/GOIBIBO /202390368176/910556/BANGALORE,Travel
User5,MPS/BARBEQUE NATION /202354046387/647666/BANGALORE,Food
User16,MPS XXXXXXXXXXX INDIGO /202355013770/142817/BANGALORE,Travel
User20,ME DC SI XXXXXXXXXXXXXXX PRIME VIDEO /202386075885/525170/BANGALORE,Subscription
User3,MPS/SPICEJET /202345307247/897565/BANGALORE,Travel
User12,MPS XXXXXXXXXXXXXXX IRCTC /202330437942/510403/BANGALORE,Travel
User15,ME DC SI/TANISHQ /202303046005/270817/BANGALORE,Shopping
User11,ME DC SI/1MG /202308383511/742440/BANGALORE,Medical
User9,POS XXXXXXXXXXXXX ZEE5 /202307615452/360787/BANGALORE,Subscription
User11,BIL XXXXXXXXXXXXX FLIPKART /202339820997/382324/BANGALORE,Shopping
User14,BIL/NETFLIX /202398878905/393165/BANGALORE,Subscription
User8,POS XXXXXXXXXXXXXX MEDPLUS /202383977270/458127/BANGALORE,Medical
User3,POS XXXXXXXXXXXXXX SONY LIV /202371938053/453726/BANGALORE,Subscription
User2,POS/BURGER KING /202304594870/812505/BANGALORE,Food
User3,BIL XXXXXXXXXXXXXXX AIIMS /202340815673/571813/BANGALORE,Medical
User15,MPS/MAX HEALTHCARE /202379279790/369071/BANGALORE,Medical
User5,MPS/ALT BALAJI /202309671787/651290/BANGALORE,Subscription
User1,MPS/DECATHLON /202333286633/249988/BANGALORE,Shopping
User5,MPS XXXXXXXXXX APOLLO PHARMACY /202392617217/143149/BANGALORE,Medical
User14,BIL XXXXXXXXXXXX BUMBLE /202331749166/831911/BANGALORE,Subscription
User17,ME DC SI/IKEA /202399169390/980990/BANGALORE,Shopping
User20,MPS/DECATHLON /202343246091/251012/BANGALORE,Shopping
User13,BIL/APOLLO PHARMACY /202380123006/389115/BANGALORE,Medical
User13,BIL/PRIME VIDEO /202306824300/516085/BANGALORE,Subscription
User3,MPS/TRIVAGO /202356328029/600230/BANGALORE,Travel
User5,POS XXXXXXXXXXXXX MEGHNA FOODS /202316729306/389505/BANGALORE,Food
User9,POS/BURGER KING /202311032991/969382/BANGALORE,Food
User20,BIL XXXXXXXXXXXXXXX KANTI SWEETS /202312896084/678500/BANGALORE,Food
User20,MPS XXXXXXXXXXXXXXX AIR INDIA /202317429659/116020/BANGALORE,Travel
User9,MPS XXXXXXXXXXXX RELIANCE DIGITAL /202399079928/243012/BANGALORE,Shopping
User9,BIL/INDIGO /202352321420/508288/BANGALORE,Travel
User5,BIL XXXXXXXXXXXXX BOOKING.COM /202308449460/834431/BANGALORE,Travel
User8,POS/IKEA /202361088574/453906/BANGALORE,Shopping
User3,MPS XXXXXXXXXXX BOOKING.COM /202302790495/564374/BANGALORE,Travel
User10,BIL XXXXXXXXXXXXXXX SPICEJET /202375951923/854378/BANGALORE,Travel
User4,BIL/SPOTIFY /202330000810/453472/BANGALORE,Subscription
User10,POS/PARADISE BIRYANI /202338375764/639301/BANGALORE,Food
User10,MPS XXXXXXXXXXXXX DOMINOS PIZZA /202343995385/612605/BANGALORE,Food
User15,MPS/IKEA /202318958027/440186/BANGALORE,Shopping
User20,MPS XXXXXXXXXX PANTALOONS /202306465959/229575/BANGALORE,Shopping
User9,BIL XXXXXXXXXXXXXX PARADISE BIRYANI /202395363214/625700/BANGALORE,Food
User2,ME DC SI XXXXXXXXXXXXXX PRIME VIDEO /202359400010/240215/BANGALORE,Subscription
User12,BIL/BURGER KING /202382881170/743554/BANGALORE,Food
User19,ME DC SI/AIR INDIA /202392893993/322026/BANGALORE,Travel
User1,BIL/SPICEJET /202341557668/935619/BANGALORE,Travel
User19,ME DC SI/RELIANCE DIGITAL /202393284063/259955/BANGALORE,Shopping
User9,MPS/TRUFFLES /202329668560/591944/BANGALORE,Food
User2,MPS/YATRA /202311663645/886812/BANGALORE,Travel
User8,POS XXXXXXXXXXXXXXX HOTSTAR /202389597154/680989/BANGALORE,Subscription
User4,MPS XXXXXXXXXXXXXXX TINDER /202339651737/348528/BANGALORE,Subscription
User16,BIL/TANISHQ /202300188202/921318/BANGALORE,Shopping
User13,MPS/TACO BELL /202369983765/765378/BANGALORE,Food
User5,BIL XXXXXXXXXXXX YATRA /202330487883/534137/BANGALORE,Travel
User5,MPS XXXXXXXXXX SHOPPERS STOP /202315957720/148109/BANGALORE,Shopping
User9,ME DC SI XXXXXXXXXXXX IKEA /202332587563/708329/BANGALORE,Shopping
User16,BIL XXXXXXXXXXXXX PRIME VIDEO /202343666221/554721/BANGALORE,Subscription
User20,BIL/GOIBIBO /202330544266/648706/BANGALORE,Travel
User13,BIL/INDIGO /202365693667/346947/BANGALORE,Travel
User5,ME DC SI/VODAFONE RED /202369133325/323421/BANGALORE,Subscription
User19,ME DC SI/TINDER /202375850071/265026/BANGALORE,Subscription
User12,BIL/ARUN MEDICAL /202389046392/318572/BANGALORE,Medical
User1,POS XXXXXXXXXXXXXX MAKEMYTRIP /202329996695/245367/BANGALORE,Travel
User13,ME DC SI XXXXXXXXXXXX RELIANCE DIGITAL /202391602581/126571/BANGALORE,Shopping
User18,BIL XXXXXXXXXXXXX DECATHLON /202384667950/103448/BANGALORE,Shopping
User13,MPS/NARAYANA HEALTH /202344439309/595974/BANGALORE,Medical
User7,MPS XXXXXXXXXXX MANIS DUM BIRYANI /202300681076/362198/BANGALORE,Food
User10,BIL/RAVI MEDICINE /202393198650/392574/BANGALORE,Medical
User1,MPS XXXXXXXXXXX IRCTC /202381644943/976982/BANGALORE,Travel
User1,ME DC SI XXXXXXXXXX SHOPPERS STOP /202312158821/783755/BANGALORE,Shopping
User8,ME DC SI/RAVI MEDICINE /202317989134/586225/BANGALORE,Medical
User4,ME DC SI/GAANA /202338133289/875743/BANGALORE,Subscription
User10,BIL XXXXXXXXXXXXXXX MAKEMYTRIP /202358416659/440481/BANGALORE,Travel
User3,MPS XXXXXXXXXXX MAKEMYTRIP /202362263172/315871/BANGALORE,Travel
User18,ME DC SI/NAGARJUNA BIRYANI /202382542086/200843/BANGALORE,Food
User20,POS XXXXXXXXXXX NETFLIX /202347919971/741446/BANGALORE,Subscription
User13,POS/MAKEMYTRIP /202398012090/334652/BANGALORE,Travel
User6,BIL/SONY LIV /202341873273/866778/BANGALORE,Subscription
User3,BIL XXXXXXXXXXXXXXX RELIANCE DIGITAL /202378424349/662179/BANGALORE,Shopping
User15,POS/MANOJ SWEETS /202336044380/372921/BANGALORE,Food
User8,ME DC SI/MANOJ SWEETS /202302118594/339102/BANGALORE,Food
User14,BIL XXXXXXXXXXXX ZEE5 /202337300540/934846/BANGALORE,Subscription
User15,BIL XXXXXXXXXXXXXXX INDIGO /202314416478/133795/BANGALORE,Travel
User20,BIL XXXXXXXXXXX NAGARJUNA BIRYANI /202379518981/671979/BANGALORE,Food
User5,ME DC SI XXXXXXXXXXXXX TACO BELL /202314709301/735035/BANGALORE,Food
User12,BIL/NETMEDS /202380474444/998248/BANGALORE,Medical
User6,BIL XXXXXXXXXXXXX DECATHLON /202317544636/731220/BANGALORE,Shopping
User20,POS XXXXXXXXXX PRIME VIDEO /202306421425/384534/BANGALORE,Subscription
User2,ME DC SI/TRIVAGO /202302696576/168455/BANGALORE,Travel
User11,MPS/SHOPPERS STOP /202313938406/844060/BANGALORE,Shopping
User19,BIL XXXXXXXXXX NETFLIX /202312470928/530460/BANGALORE,Subscription
User11,POS/COLUMBIA ASIA /202300045004/381923/BANGALORE,Medical
User8,MPS XXXXXXXXXXXXX FABINDIA /202310044133/816998/BANGALORE,Shopping
User15,ME DC SI/ESHA SWEETS /202352228922/772856/BANGALORE,Food
User3,ME DC SI/IRCTC /202375241219/346549/BANGALORE,Travel
User6,BIL/TRUFFLES /202318134919/596820/BANGALORE,Food
User18,POS/PANTALOONS /202304426738/424175/BANGALORE,Shopping
User16,BIL/SHOPPERS STOP /202365338058/884855/BANGALORE,Shopping
User12,MPS XXXXXXXXXXXX HALDIRAMS /202302815451/315654/BANGALORE,Food
User20,BIL XXXXXXXXXX TINDER /202345456610/481549/BANGALORE,Subscription
User15,ME DC SI/ARUN MEDICAL /202320156098/800835/BANGALORE,Medical
User1,POS/SPOTIFY /202328621278/808271/BANGALORE,Subscription
User10,BIL XXXXXXXXXXX MEGHNA FOODS /202337558169/635685/BANGALORE,Food
User20,MPS XXXXXXXXXXXXX DISNEY+ HOTSTAR /202371002014/526022/BANGALORE,Subscription
User17,POS/AMAZON /202372491616/582766/BANGALORE,Shopping
User19,ME DC SI XXXXXXXXXXXXX BARBEQUE NATION /202388973315/486619/BANGALORE,Food
User15,MPS/NETFLIX /202369721332/232313/BANGALORE,Subscription
User10,BIL XXXXXXXXXXXXXXX MEDPLUS /202327007509/577235/BANGALORE,Medical
User18,BIL/GOIBIBO /202371746042/794871/BANGALORE,Travel
User1,POS XXXXXXXXXXX IKEA /202336506466/994232/BANGALORE,Shopping
User14,POS/GAANA /202331771737/539166/BANGALORE,Subscription
User19,MPS XXXXXXXXXXXXXX ARUN MEDICAL /202351320219/280950/BANGALORE,Medical
User1,ME DC SI/MEDANTA /202375483779/131136/BANGALORE,Medical
User14,MPS/AIIMS /202384485194/617959/BANGALORE,Medical
User15,BIL XXXXXXXXXX BARBEQUE NATION /202365161267/921927/BANGALORE,Food
User4,MPS/BOOKING.COM /202317631826/699559/BANGALORE,Travel
User12,ME DC SI/FABINDIA /202363008820/676043/BANGALORE,Shopping
User14,ME DC SI/SPICEJET /202319602378/862005/BANGALORE,Travel
User2,BIL/SHOPPERS STOP /202316502712/810054/BANGALORE,Shopping
User17,BIL/OYO ROOMS /202341835803/250118/BANGALORE,Travel
User7,POS/INDIGO /202307528337/627232/BANGALORE,Travel
User1,ME DC SI/BARBEQUE NATION /202342180778/343832/BANGALORE,Food
User4,MPS/ZEE5 /202372803072/252122/BANGALORE,Subscription
User1,BIL XXXXXXXXXXXXXXX DISNEY+ HOTSTAR /202371302057/126946/BANGALORE,Subscription
User17,MPS XXXXXXXXXXX MEGHNA FOODS /202349787826/483642/BANGALORE,Food
User6,BIL XXXXXXXXXX NARAYANA HEALTH /202336340190/978812/BANGALORE,Medical
User2,MPS XXXXXXXXXXXX GOIBIBO /202352035509/910421/BANGALORE,Travel
User18,POS/APOLLO PHARMACY /202383403173/270886/BANGALORE,Medical
User12,POS XXXXXXXXXXXXX RAVI MEDICINE /202324945180/807202/BANGALORE,Medical
User6,ME DC SI XXXXXXXXXXXX BIG BAZAAR /202338130912/576086/BANGALORE,Shopping
User7,BIL/RELIANCE DIGITAL /202384368782/195077/BANGALORE,Shopping
User10,ME DC SI/TINDER /202344691507/810007/BANGALORE,Subscription
User15,BIL XXXXXXXXXXXXX OYO ROOMS /202343631573/108256/BANGALORE,Travel
User4,BIL XXXXXXXXXX SONY LIV /202389519546/766099/BANGALORE,Subscription
User11,ME DC SI/SONY LIV /202328066755/559527/BANGALORE,Subscription
User15,ME DC SI XXXXXXXXXXXX AMAZON /202353825784/652530/BANGALORE,Shopping
User20,POS XXXXXXXXXXXXXXX NARAYANA HEALTH /202313704064/484398/BANGALORE,Medical
User6,BIL/IKEA /202348897556/329856/BANGALORE,Shopping
User4,POS/MEDPLUS /202355430761/764006/BANGALORE,Medical
User9,MPS/PANTALOONS /202392014811/114247/BANGALORE,Shopping
User8,ME DC SI XXXXXXXXXX GOIBIBO /202380131378/675904/BANGALORE,Travel
User20,ME DC SI XXXXXXXXXXX MAKEMYTRIP /202399055493/812073/BANGALORE,Travel
User10,MPS XXXXXXXXXXXX RELIANCE DIGITAL /202329231252/202820/BANGALORE,Shopping
User2,ME DC SI/MEDPLUS /202340161176/448199/BANGALORE,Medical
User18,MPS XXXXXXXXXXXXX TINDER /202331763898/671337/BANGALORE,Subscription
User7,MPS XXXXXXXXXXXX SPICEJET /202341037492/218120/BANGALORE,Travel
User14,POS/MEDPLUS /202397220365/828717/BANGALORE,Medical
User19,ME DC SI XXXXXXXXXXX COLUMBIA ASIA /202303805729/715911/BANGALORE,Medical
User2,BIL XXXXXXXXXXX BOOKING.COM /202361284997/133818/BANGALORE,Travel
User5,POS XXXXXXXXXXXXX ZEE5 /202312081121/351545/BANGALORE,Subscription
User1,MPS/SARAVANA BHAVAN /202306701144/415446/BANGALORE,Food
User1,POS/HALDIRAMS /202314878937/206759/BANGALORE,Food
User18,BIL/NETMEDS /202345232487/695695/BANGALORE,Medical
User19,MPS XXXXXXXXXXX BURGER KING /202329214301/304094/BANGALORE,Food
User16,ME DC SI/HOTSTAR /202351300454/701466/BANGALORE,Subscription
User18,BIL/ZEE5 /202358924133/155325/BANGALORE,Subscription
User18,MPS/ARUN MEDICAL /202322067114/532973/BANGALORE,Medical
User10,MPS XXXXXXXXXXXXXX OYO ROOMS /202342481921/437919/BANGALORE,Travel
User16,BIL/FORTIS /202389412118/451105/BANGALORE,Medical
User18,POS/BIG BAZAAR /202318939466/360389/BANGALORE,Shopping
User12,POS XXXXXXXXXX MEDANTA /202358920562/960876/BANGALORE,Medical
User2,POS XXXXXXXXXXXXXX FABINDIA /202312502055/347575/BANGALORE,Shopping
User15,MPS XXXXXXXXXXXXXXX GOIBIBO /202305381010/800289/BANGALORE,Travel
User19,MPS XXXXXXXXXXXX SHOPPERS STOP /202348571500/663600/BANGALORE,Shopping
User11,BIL/AIR INDIA /202340871142/342668/BANGALORE,Travel
User13,POS/TINDER /202322017777/151744/BANGALORE,Subscription
User14,ME DC SI XXXXXXXXXXXXXXX RELIANCE DIGITAL /202305052674/114580/BANGALORE,Shopping
User12,POS XXXXXXXXXXXXXX COLUMBIA ASIA /202393395614/682582/BANGALORE,Medical
User11,ME DC SI XXXXXXXXXXXXXX GOIBIBO /202340014046/354561/BANGALORE,Travel
User6,ME DC SI XXXXXXXXXXX PANTALOONS /202318963891/559689/BANGALORE,Shopping
User1,POS XXXXXXXXXXXX FABINDIA /202327100288/504804/BANGALORE,Shopping
User2,ME DC SI XXXXXXXXXXXXXXX MEDANTA /202358008728/275246/BANGALORE,Medical
User7,POS XXXXXXXXXXXXX DECATHLON /202345846695/479286/BANGALORE,Shopping
User12,MPS/RELIANCE DIGITAL /202342020754/926162/BANGALORE,Shopping
User9,POS/SARAVANA BHAVAN /202374609216/746665/BANGALORE,Food
User14,POS XXXXXXXXXXXXXX MEDANTA /202342378298/577301/BANGALORE,Medical
User7,ME DC SI XXXXXXXXXXXXXXX NETFLIX /202318348433/727521/BANGALORE,Subscription
User5,MPS/NARAYANA HEALTH /202399916918/518436/BANGALORE,Medical
User2,ME DC SI/MANOJ SWEETS /202335674965/913150/BANGALORE,Food
User20,MPS/ALT BALAJI /202387855786/976061/BANGALORE,Subscription
User2,MPS/KARIM’S /202323774292/370800/BANGALORE,Food
User7,MPS XXXXXXXXXXX TRIVAGO /202326324431/641067/BANGALORE,Travel
User20,MPS/BARBEQUE NATION /202397376283/903366/BANGALORE,Food
User2,POS/APOLLO PHARMACY /202395502095/538084/BANGALORE,Medical
User8,BIL XXXXXXXXXXXXXXX RELIANCE DIGITAL /202359720739/950518/BANGALORE,Shopping
User6,MPS XXXXXXXXXXXXXXX MEDANTA /202315870773/154505/BANGALORE,Medical
User9,MPS/DISNEY+ HOTSTAR /202368545709/238778/BANGALORE,Subscription
User16,POS/MEDANTA /202304952449/665502/BANGALORE,Medical
User4,POS XXXXXXXXXXXXXXX SPICEJET /202354011945/498242/BANGALORE,Travel
User18,BIL/BOOKING.COM /202302101566/418524/BANGALORE,Travel
User8,MPS/BURGER KING /202388104962/179806/BANGALORE,Food
User1,MPS XXXXXXXXXXX NARAYANA HEALTH /202376731134/448216/BANGALORE,Medical
User10,ME DC SI XXXXXXXXXXXX NETMEDS /202371402090/709491/BANGALORE,Medical
User1,BIL/AIR INDIA /202386115371/661707/BANGALORE,Travel
User12,POS/FORTIS /202367171138/562869/BANGALORE,Medical
User7,BIL XXXXXXXXXXXXXX IKEA /202385221009/148344/BANGALORE,Shopping
User12,POS XXXXXXXXXXXXXXX APOLLO PHARMACY /202395657295/876569/BANGALORE,Medical
User3,POS XXXXXXXXXXXXXX ARUN MEDICAL /202351569773/515534/BANGALORE,Medical
User10,MPS/BUMBLE /202366717719/500928/BANGALORE,Subscription
User17,BIL XXXXXXXXXXXXX MAKEMYTRIP /202350509020/788590/BANGALORE,Travel
User7,ME DC SI/ESHA SWEETS /202308888033/343789/BANGALORE,Food
User10,ME DC SI/TRIVAGO /202310880583/940702/BANGALORE,Travel
User1,POS XXXXXXXXXXXX MCDONALDS /202398799178/860596/BANGALORE,Food
User4,MPS/ALT BALAJI /202350449481/802452/BANGALORE,Subscription
User12,ME DC SI XXXXXXXXXXXXX ALT BALAJI /202318471150/213220/BANGALORE,Subscription
User17,ME DC SI XXXXXXXXXXXXX RAVI MEDICINE /202328425804/582126/BANGALORE,Medical
User10,MPS/MANIS DUM BIRYANI /202308211861/760003/BANGALORE,Food
User16,ME DC SI XXXXXXXXXX NETFLIX /202377786781/144886/BANGALORE,Subscription
User13,MPS XXXXXXXXXXX GAANA /202398549348/555108/BANGALORE,Subscription
User2,MPS XXXXXXXXXXXXX ARUN MEDICAL /202332544408/334459/BANGALORE,Medical
User8,MPS XXXXXXXXXXXXXX SPICEJET /202337351699/364237/BANGALORE,Travel
User17,POS/ZEE5 /202344112843/251904/BANGALORE,Subscription
User8,BIL XXXXXXXXXXXXXX MAKEMYTRIP /202392602063/881995/BANGALORE,Travel
User5,MPS XXXXXXXXXXXX AIIMS /202322395135/105051/BANGALORE,Medical
User3,ME DC SI/YATRA /202356678302/970106/BANGALORE,Travel
User4,BIL/NETMEDS /202380014298/683804/BANGALORE,Medical
User17,POS/HALDIRAMS /202394167146/399917/BANGALORE,Food
User18,MPS XXXXXXXXXXXXX AIR INDIA /202334012599/238595/BANGALORE,Travel
User11,ME DC SI/SPICEJET /202310911936/855031/BANGALORE,Travel
User17,POS/AIIMS /202386792939/886036/BANGALORE,Medical
User11,ME DC SI/MEGHNA FOODS /202360093768/647844/BANGALORE,Food
User12,MPS/IKEA /202337608460/616266/BANGALORE,Shopping
User2,BIL/AIR INDIA /202301054436/753124/BANGALORE,Travel
User7,BIL/ZEE5 /202393071187/586324/BANGALORE,Subscription
User11,MPS/MCDONALDS /202305933840/875627/BANGALORE,Food
User15,BIL/MCDONALDS /202305559349/175834/BANGALORE,Food
User3,BIL XXXXXXXXXX INDIGO /202358289099/433862/BANGALORE,Travel
User10,POS/RAVI MEDICINE /202381136776/242856/BANGALORE,Medical
User5,POS/GOIBIBO /202355414358/608863/BANGALORE,Travel
User6,MPS XXXXXXXXXXX IRCTC /202335927567/202611/BANGALORE,Travel
User2,ME DC SI/OYO ROOMS /202317943657/736191/BANGALORE,Travel
User16,MPS/VODAFONE RED /202302542717/834223/BANGALORE,Subscription
User17,MPS/FABINDIA /202382313704/241587/BANGALORE,Shopping
User17,POS/MEDANTA /202397372366/104604/BANGALORE,Medical
User2,MPS XXXXXXXXXXXX PARADISE BIRYANI /202323800452/961913/BANGALORE,Food
User20,BIL XXXXXXXXXXXX COLUMBIA ASIA /202377429054/930113/BANGALORE,Medical
User16,POS/IKEA /202395443456/248095/BANGALORE,Shopping
User17,ME DC SI XXXXXXXXXXXXXX SPOTIFY /202374535349/121027/BANGALORE,Subscription
User14,POS XXXXXXXXXXX GOIBIBO /202375817510/909916/BANGALORE,Travel
User10,POS/ALT BALAJI /202348466484/368306/BANGALORE,Subscription
User7,MPS/SHOPPERS STOP /202388270341/825704/BANGALORE,Shopping
User10,MPS XXXXXXXXXXXXX SARAVANA BHAVAN /202310306763/631638/BANGALORE,Food
User13,ME DC SI/AIIMS /202304558522/181667/BANGALORE,Medical
User11,ME DC SI XXXXXXXXXXXXXXX HALDIRAMS /202396330261/229305/BANGALORE,Food
User8,ME DC SI XXXXXXXXXX NARAYANA HEALTH /202384397090/721667/BANGALORE,Medical
User19,MPS/SONY LIV /202380451082/773076/BANGALORE,Subscription
User15,MPS/NAGARJUNA BIRYANI /202316844099/799753/BANGALORE,Food
User12,POS XXXXXXXXXXXXXX BIG BAZAAR /202361695256/882565/BANGALORE,Shopping
User20,POS/GAANA /202365439063/916949/BANGALORE,Subscription
User7,POS/AMAZON /202326464548/868981/BANGALORE,Shopping
User6,ME DC SI XXXXXXXXXXXXX YATRA /202322957697/334323/BANGALORE,Travel
User15,BIL XXXXXXXXXXXX RAVI MEDICINE /202316138856/202799/BANGALORE,Medical
User13,BIL/BIG BAZAAR /202385877304/905782/BANGALORE,Shopping
User8,MPS XXXXXXXXXXXX TANISHQ /202322512513/910963/BANGALORE,Shopping
User9,MPS/BUMBLE /202384382753/224911/BANGALORE,Subscription
User7,ME DC SI XXXXXXXXXX OYO ROOMS /202300671526/100099/BANGALORE,Travel
User14,POS XXXXXXXXXXXX PANTALOONS /202381696852/790182/BANGALORE,Shopping
User3,BIL XXXXXXXXXXXX MAKEMYTRIP /202348492023/679828/BANGALORE,Travel
User8,POS XXXXXXXXXXX AIR INDIA /202332667380/751994/BANGALORE,Travel
User8,ME DC SI XXXXXXXXXXXXX MAX HEALTHCARE /202371675199/881995/BANGALORE,Medical
User8,ME DC SI XXXXXXXXXXXXXX TRIVAGO /202340846534/621196/BANGALORE,Travel
User4,ME DC SI/DISNEY+ HOTSTAR /202358527100/400485/BANGALORE,Subscription
User16,ME DC SI XXXXXXXXXXX ARUN MEDICAL /202361780336/212290/BANGALORE,Medical
User8,POS XXXXXXXXXX OYO ROOMS /202300368946/141354/BANGALORE,Travel
User5,ME DC SI/MEDPLUS /202308421148/770003/BANGALORE,Medical
User6,POS/SARAVANA BHAVAN /202320060205/307118/BANGALORE,Food
User2,POS XXXXXXXXXXXX IKEA /202340944549/154626/BANGALORE,Shopping
User11,ME DC SI/APOLLO PHARMACY /202390004706/543892/BANGALORE,Medical
User3,ME DC SI/APOLLO PHARMACY /202354077293/136990/BANGALORE,Medical
User7,POS XXXXXXXXXXXX ALT BALAJI /202385702579/994141/BANGALORE,Subscription
User9,MPS XXXXXXXXXXXXX AIR INDIA /202397144140/403010/BANGALORE,Travel
User13,MPS XXXXXXXXXXX GOIBIBO /202394935301/468942/BANGALORE,Travel
User20,POS/SPICEJET /202339042086/667003/BANGALORE,Travel
User11,POS/IKEA /202369780263/272559/BANGALORE,Shopping
User11,POS/PARADISE BIRYANI /202395428421/148967/BANGALORE,Food
User6,MPS XXXXXXXXXXX NETMEDS /202353960245/829471/BANGALORE,Medical
User4,POS XXXXXXXXXXXX NETMEDS /202388256435/843608/BANGALORE,Medical
User18,MPS XXXXXXXXXXXXXXX DECATHLON /202380295754/581270/BANGALORE,Shopping
User19,ME DC SI XXXXXXXXXXX DECATHLON /202308067833/938963/BANGALORE,Shopping
User7,BIL/TANISHQ /202359517268/947105/BANGALORE,Shopping
User13,POS/BURGER KING /202325690727/894368/BANGALORE,Food
User7,BIL/FORTIS /202320635977/810634/BANGALORE,Medical
User9,POS/DECATHLON /202333576625/542050/BANGALORE,Shopping
User17,MPS/DECATHLON /202385613800/877499/BANGALORE,Shopping
User11,BIL/BURGER KING /202373793982/947602/BANGALORE,Food
User18,BIL/YATRA /202342747456/470036/BANGALORE,Travel
User19,POS XXXXXXXXXXXX NAGARJUNA BIRYANI /202374170659/672432/BANGALORE,Food
User7,MPS/NETMEDS /202373363141/658141/BANGALORE,Medical
User14,ME DC SI/NETMEDS /202387879613/107585/BANGALORE,Medical
User13,BIL XXXXXXXXXXXXX SPICEJET /202361507648/372461/BANGALORE,Travel
User20,ME DC SI/APOLLO PHARMACY /202309582063/307164/BANGALORE,Medical
User10,ME DC SI/TACO BELL /202357995371/302261/BANGALORE,Food
User5,MPS XXXXXXXXXXX GAANA /202350758316/175113/BANGALORE,Subscription
User6,POS/MANOJ SWEETS /202355025474/294147/BANGALORE,Food
User16,POS/AIR INDIA /202378946187/823072/BANGALORE,Travel
User13,ME DC SI XXXXXXXXXXXX BOOKING.COM /202310184323/581040/BANGALORE,Travel
User18,ME DC SI XXXXXXXXXXXXXXX IRCTC /202351553427/434508/BANGALORE,Travel
User17,BIL/DOMINOS PIZZA /202325431633/249456/BANGALORE,Food
User19,ME DC SI/ALT BALAJI /202302543347/720435/BANGALORE,Subscription
User20,POS/AMAZON /202340085259/274261/BANGALORE,Shopping
User7,ME DC SI/SPOTIFY /202311819892/236029/BANGALORE,Subscription
User8,POS/FABINDIA /202343086914/861504/BANGALORE,Shopping
User14,MPS/SARAVANA BHAVAN /202364354267/322343/BANGALORE,Food
User18,POS XXXXXXXXXXXX SONY LIV /202301239835/434574/BANGALORE,Subscription
User9,POS/ALT BALAJI /202348368528/779892/BANGALORE,Subscription
User4,MPS/GOIBIBO /202350618929/622708/BANGALORE,Travel
User6,POS/PARADISE BIRYANI /202348164014/472891/BANGALORE,Food
User5,BIL XXXXXXXXXXXX TINDER /202354547075/985703/BANGALORE,Subscription
User14,MPS/DOMINOS PIZZA /202308107918/622253/BANGALORE,Food
User19,BIL XXXXXXXXXXXXXX TANISHQ /202313543385/924431/BANGALORE,Shopping
User6,POS XXXXXXXXXXXXXX TACO BELL /202373990897/254160/BANGALORE,Food
User10,BIL/SONY LIV /202367852814/173218/BANGALORE,Subscription
User18,BIL XXXXXXXXXXXX BARBEQUE NATION /202395265650/563986/BANGALORE,Food
User20,ME DC SI/RAVI MEDICINE /202365504332/555513/BANGALORE,Medical
User18,BIL/1MG /202353459336/636161/BANGALORE,Medical
User1,ME DC SI/BIG BAZAAR /202337856286/619590/BANGALORE,Shopping
User9,ME DC SI XXXXXXXXXXXXXX RAVI MEDICINE /202327538202/122801/BANGALORE,Medical
User12,MPS XXXXXXXXXXX SONY LIV /202301759985/936170/BANGALORE,Subscription
User7,POS XXXXXXXXXXXXXX KANTI SWEETS /202372884992/199753/BANGALORE,Food
User14,MPS XXXXXXXXXXX FORTIS /202333360849/504154/BANGALORE,Medical
User17,ME DC SI XXXXXXXXXXX BURGER KING /202387226672/250934/BANGALORE,Food
User17,MPS/GOIBIBO /202310102272/775747/BANGALORE,Travel
User10,POS/SPOTIFY /202359443521/934446/BANGALORE,Subscription
User1,POS XXXXXXXXXXXX SONY LIV /202393323630/291464/BANGALORE,Subscription
User2,POS XXXXXXXXXXXXXXX SARAVANA BHAVAN /202321292055/280982/BANGALORE,Food
User19,ME DC SI/MCDONALDS /202304805180/483864/BANGALORE,Food
User20,BIL XXXXXXXXXX MANOJ SWEETS /202342698616/207570/BANGALORE,Food
User5,POS XXXXXXXXXXXX FLIPKART /202304878499/603893/BANGALORE,Shopping
User2,POS XXXXXXXXXXX AIIMS /202371296260/957740/BANGALORE,Medical
User12,MPS XXXXXXXXXXXXXXX SHOPPERS STOP /202314739669/661003/BANGALORE,Shopping
User3,BIL XXXXXXXXXX ZEE5 /202374218122/201119/BANGALORE,Subscription
User4,BIL/AIR INDIA /202380514502/500169/BANGALORE,Travel
User14,BIL/AIR INDIA /202360361613/843230/BANGALORE,Travel
User16,MPS XXXXXXXXXXXXXX BIG BAZAAR /202392877672/374725/BANGALORE,Shopping
User17,POS XXXXXXXXXXXX YATRA /202310430441/378201/BANGALORE,Travel
User12,ME DC SI/PRIME VIDEO /202387999945/704392/BANGALORE,Subscription
User17,ME DC SI XXXXXXXXXXX MAKEMYTRIP /202398058354/470112/BANGALORE,Travel
User17,POS XXXXXXXXXXXX BIG BAZAAR /202368586758/418562/BANGALORE,Shopping
User17,MPS/APOLLO PHARMACY /202386191494/508775/BANGALORE,Medical
User5,POS XXXXXXXXXXX OYO ROOMS /202380329810/310063/BANGALORE,Travel
User10,POS/NARAYANA HEALTH /202356508415/658326/BANGALORE,Medical
User8,ME DC SI/DECATHLON /202325465553/554737/BANGALORE,Shopping
User13,BIL/DISNEY+ HOTSTAR /202300754595/323724/BANGALORE,Subscription
User13,MPS/YATRA /202384272938/547528/BANGALORE,Travel
User15,MPS XXXXXXXXXXXXXXX MEDANTA /202357910127/985087/BANGALORE,Medical
User19,MPS XXXXXXXXXXX PARADISE BIRYANI /202313060072/528399/BANGALORE,Food
User20,ME DC SI/ZEE5 /202302242370/168892/BANGALORE,Subscription
User17,ME DC SI XXXXXXXXXXXXX YATRA /202395169592/949768/BANGALORE,Travel
User9,MPS XXXXXXXXXXXXXXX SPOTIFY /202352451516/231521/BANGALORE,Subscription
User5,POS XXXXXXXXXXXXXX TRIVAGO /202386169477/963803/BANGALORE,Travel
User18,POS XXXXXXXXXXXXXXX SHOPPERS STOP /202389941689/957842/BANGALORE,Shopping
User18,ME DC SI XXXXXXXXXXXXX SPOTIFY /202367359921/127729/BANGALORE,Subscription
User15,ME DC SI XXXXXXXXXX GOIBIBO /202382476774/671625/BANGALORE,Travel
User7,ME DC SI XXXXXXXXXXX BURGER KING /202333115734/336597/BANGALORE,Food
User20,MPS XXXXXXXXXXXXXX VODAFONE RED /202377533824/214214/BANGALORE,Subscription
User18,BIL XXXXXXXXXXXX TANISHQ /202329160416/299266/BANGALORE,Shopping
User10,BIL/COLUMBIA ASIA /202355599561/344697/BANGALORE,Medical
User16,POS/SPOTIFY /202371240968/805133/BANGALORE,Subscription
User1,POS XXXXXXXXXXXXX GOIBIBO /202331350026/689670/BANGALORE,Travel
User13,BIL/HOTSTAR /202317592945/783169/BANGALORE,Subscription
User15,BIL/BIG BAZAAR /202306696943/992676/BANGALORE,Shopping
User7,POS/PANTALOONS /202329110655/657099/BANGALORE,Shopping
User11,MPS XXXXXXXXXXXXX DISNEY+ HOTSTAR /202387704255/283978/BANGALORE,Subscription
User1,BIL XXXXXXXXXX NETMEDS /202377398709/771216/BANGALORE,Medical
User11,POS XXXXXXXXXXXXXXX GAANA /202318893210/740188/BANGALORE,Subscription
User20,BIL XXXXXXXXXXX 1MG /202393227923/270915/BANGALORE,Medical
User9,POS XXXXXXXXXXXXXXX KARIM’S /202389367472/175745/BANGALORE,Food
User19,MPS XXXXXXXXXXXXXX HOTSTAR /202324125784/351273/BANGALORE,Subscription
User17,MPS/MANOJ SWEETS /202332679802/444710/BANGALORE,Food
User4,BIL/RAVI MEDICINE /202311358872/540008/BANGALORE,Medical
User12,BIL XXXXXXXXXXXXX MCDONALDS /202365208841/666671/BANGALORE,Food
User16,BIL XXXXXXXXXXX APOLLO PHARMACY /202363211286/116056/BANGALORE,Medical
User5,BIL/BIG BAZAAR /202339473142/769210/BANGALORE,Shopping
User14,POS XXXXXXXXXXXXX HOTSTAR /202304522001/334761/BANGALORE,Subscription
User16,BIL/AIIMS /202370517595/785371/BANGALORE,Medical
User2,BIL/TANISHQ /202359603707/871578/BANGALORE,Shopping
User6,BIL/ARUN MEDICAL /202301074014/692487/BANGALORE,Medical
User18,ME DC SI/AMAZON /202398432647/284119/BANGALORE,Shopping
User17,BIL/ARUN MEDICAL /202335990859/634929/BANGALORE,Medical
User17,MPS/SARAVANA BHAVAN /202399805571/443389/BANGALORE,Food
User18,MPS XXXXXXXXXX OYO ROOMS /202363872033/376191/BANGALORE,Travel
User8,ME DC SI XXXXXXXXXXXXXX ESHA SWEETS /202331935247/596609/BANGALORE,Food
User5,POS/MAKEMYTRIP /202353643568/979105/BANGALORE,Travel
User6,ME DC SI XXXXXXXXXX KARIM’S /202319363794/857701/BANGALORE,Food
User5,MPS/MEDANTA /202348320547/663549/BANGALORE,Medical
User11,POS XXXXXXXXXXXXX DECATHLON /202382150122/532599/BANGALORE,Shopping
User10,BIL XXXXXXXXXX APOLLO PHARMACY /202391468819/545054/BANGALORE,Medical
User19,MPS/PRIME VIDEO /202308234907/403210/BANGALORE,Subscription
User18,MPS XXXXXXXXXXX VODAFONE RED /202360902317/203337/BANGALORE,Subscription
User9,BIL/PRIME VIDEO /202367203481/487951/BANGALORE,Subscription
User3,MPS XXXXXXXXXXXXXXX MEDPLUS /202324420817/603900/BANGALORE,Medical
User13,BIL XXXXXXXXXXXX MEDPLUS /202390409752/102852/BANGALORE,Medical
User18,MPS XXXXXXXXXXXXX PANTALOONS /202345603030/903908/BANGALORE,Shopping
User15,POS/SPOTIFY /202321773278/972481/BANGALORE,Subscription
User14,ME DC SI/DISNEY+ HOTSTAR /202305402605/294915/BANGALORE,Subscription
User10,ME DC SI XXXXXXXXXX KANTI SWEETS /202348458603/420504/BANGALORE,Food
User13,ME DC SI/SONY LIV /202387667821/704181/BANGALORE,Subscription
User10,MPS XXXXXXXXXXXX YATRA /202397628487/164058/BANGALORE,Travel
User12,POS/BARBEQUE NATION /202317155418/210612/BANGALORE,Food
User17,POS/TRIVAGO /202342545005/599973/BANGALORE,Travel
User19,BIL XXXXXXXXXXXXX MANOJ SWEETS /202329217392/739591/BANGALORE,Food
User9,MPS/GOIBIBO /202331952751/195884/BANGALORE,Travel
User19,POS XXXXXXXXXXXXXXX TRUFFLES /202335599474/554856/BANGALORE,Food
User10,MPS XXXXXXXXXX KARIM’S /202366889280/642395/BANGALORE,Food
User13,MPS XXXXXXXXXXXXX SARAVANA BHAVAN /202324602954/170456/BANGALORE,Food
User14,MPS XXXXXXXXXXXXX OYO ROOMS /202395547215/763621/BANGALORE,Travel
User18,MPS/FORTIS /202315265009/898422/BANGALORE,Medical
User2,BIL/MANIS DUM BIRYANI /202368795278/264744/BANGALORE,Food
User9,POS XXXXXXXXXXXX MAKEMYTRIP /202319463377/974657/BANGALORE,Travel
User9,POS/FABINDIA /202366717825/548263/BANGALORE,Shopping
User14,POS XXXXXXXXXXXXXX VODAFONE RED /202389496409/685227/BANGALORE,Subscription
User16,POS/BURGER KING /202370229999/460919/BANGALORE,Food
User13,MPS XXXXXXXXXXXXXXX AIR INDIA /202343690388/615243/BANGALORE,Travel
User3,BIL/SHOPPERS STOP /202305512435/936715/BANGALORE,Shopping
User4,BIL XXXXXXXXXXXXX FABINDIA /202353699738/533739/BANGALORE,Shopping
User9,ME DC SI XXXXXXXXXXXXXX AIIMS /202398755820/498173/BANGALORE,Medical
User14,MPS/APOLLO PHARMACY /202359466596/783448/BANGALORE,Medical
User3,MPS XXXXXXXXXXXXX NETMEDS /202301338868/274055/BANGALORE,Medical
User17,POS XXXXXXXXXX RELIANCE DIGITAL /202350608697/583198/BANGALORE,Shopping
User14,BIL XXXXXXXXXX BIG BAZAAR /202317117545/723998/BANGALORE,Shopping
User16,BIL/NETMEDS /202366754325/138949/BANGALORE,Medical
User12,POS/SPICEJET /202344354905/109048/BANGALORE,Travel
User14,MPS/RAVI MEDICINE /202335751407/752478/BANGALORE,Medical
User1,MPS XXXXXXXXXXXXXX OYO ROOMS /202342676812/355392/BANGALORE,Travel
User11,ME DC SI/NARAYANA HEALTH /202329673076/987137/BANGALORE,Medical
User18,ME DC SI/KARIM’S /202313301512/192525/BANGALORE,Food
User16,MPS XXXXXXXXXXXX COLUMBIA ASIA /202305516033/937684/BANGALORE,Medical
User8,MPS/IRCTC /202302806698/998782/BANGALORE,Travel
User3,BIL XXXXXXXXXXXXX PRIME VIDEO /202382164389/852360/BANGALORE,Subscription
User2,ME DC SI XXXXXXXXXXX BUMBLE /202346719031/337094/BANGALORE,Subscription
User11,ME DC SI XXXXXXXXXXXXXXX BOOKING.COM /202308333864/309541/BANGALORE,Travel
User12,MPS XXXXXXXXXXXXX AIIMS /202344679909/864417/BANGALORE,Medical
User13,POS/MCDONALDS /202358248327/273479/BANGALORE,Food
User7,MPS/TRUFFLES /202399445610/412858/BANGALORE,Food
User5,ME DC SI XXXXXXXXXXXXXXX ARUN MEDICAL /202368528461/714682/BANGALORE,Medical
User8,POS XXXXXXXXXXXX NAGARJUNA BIRYANI /202392429333/881088/BANGALORE,Food
User1,BIL/TACO BELL /202319852205/855049/BANGALORE,Food
User18,ME DC SI XXXXXXXXXXXXXX COLUMBIA ASIA /202378981836/353495/BANGALORE,Medical
User2,BIL/TRUFFLES /202371295922/581712/BANGALORE,Food
User18,MPS XXXXXXXXXXXX IKEA /202302729100/374305/BANGALORE,Shopping
User5,ME DC SI/FORTIS /202331316203/583119/BANGALORE,Medical
User12,POS/DECATHLON /202384859430/148625/BANGALORE,Shopping
User3,ME DC SI/FABINDIA /202331765911/974589/BANGALORE,Shopping
User3,ME DC SI/BIG BAZAAR /202371754849/905996/BANGALORE,Shopping
User6,MPS XXXXXXXXXXXX HOTSTAR /202332208424/725970/BANGALORE,Subscription
User13,BIL/BUMBLE /202331773786/441976/BANGALORE,Subscription
User1,ME DC SI/KARIM’S /202337869689/685043/BANGALORE,Food
User13,MPS XXXXXXXXXXXXXX SPOTIFY /202322320696/882155/BANGALORE,Subscription
User11,ME DC SI/MEDPLUS /202396171445/156471/BANGALORE,Medical
User16,POS/IRCTC /202363426784/311083/BANGALORE,Travel
User6,MPS/SPICEJET /202386803014/549340/BANGALORE,Travel
User4,BIL/INDIGO /202337346797/477244/BANGALORE,Travel
User20,MPS XXXXXXXXXXXXXXX SHOPPERS STOP /202374323867/386592/BANGALORE,Shopping
User12,ME DC SI XXXXXXXXXXXXX MAKEMYTRIP /202364118149/204760/BANGALORE,Travel
User12,MPS/GOIBIBO /202323043771/733817/BANGALORE,Travel
User16,BIL/FABINDIA /202310334154/736607/BANGALORE,Shopping
User12,MPS/PANTALOONS /202311772907/363596/BANGALORE,Shopping
User7,POS/PRIME VIDEO /202395441561/552713/BANGALORE,Subscription
User11,MPS XXXXXXXXXXXXXXX ESHA SWEETS /202345642043/704534/BANGALORE,Food
User1,MPS/NAGARJUNA BIRYANI /202357988751/983509/BANGALORE,Food
User6,MPS/1MG /202330852146/857491/BANGALORE,Medical
User2,BIL/DECATHLON /202371726447/675417/BANGALORE,Shopping
User18,ME DC SI/MEDANTA /202392301306/136669/BANGALORE,Medical
User9,POS/SONY LIV /202370146675/331283/BANGALORE,Subscription
User5,POS/KARIM’S /202369630526/477375/BANGALORE,Food
User6,POS/AIIMS /202332888186/184402/BANGALORE,Medical
User14,MPS XXXXXXXXXXXX TACO BELL /202300286128/510558/BANGALORE,Food
User4,POS/TRIVAGO /202380032846/815928/BANGALORE,Travel
User20,ME DC SI XXXXXXXXXXXXXXX PARADISE BIRYANI /202365969933/253335/BANGALORE,Food
User3,ME DC SI/TRIVAGO /202319701237/696059/BANGALORE,Travel
User7,ME DC SI XXXXXXXXXXX NAGARJUNA BIRYANI /202362760220/571625/BANGALORE,Food
User13,MPS XXXXXXXXXXXX VODAFONE RED /202358532412/765758/BANGALORE,Subscription
User19,MPS/APOLLO PHARMACY /202384127176/814909/BANGALORE,Medical
User7,BIL/1MG /202344933801/566694/BANGALORE,Medical
User1,ME DC SI/RAVI MEDICINE /202315168991/614586/BANGALORE,Medical
User5,BIL XXXXXXXXXXXXXX RAVI MEDICINE /202316332589/708573/BANGALORE,Medical
User17,MPS/FORTIS /202339493290/698302/BANGALORE,Medical
User17,ME DC SI/TINDER /202376496663/177963/BANGALORE,Subscription
User13,MPS/IRCTC /202305306968/442621/BANGALORE,Travel
User15,MPS XXXXXXXXXX BOOKING.COM /202306592773/261667/BANGALORE,Travel
User11,POS/IRCTC /202351736533/616440/BANGALORE,Travel
User4,BIL/MEDPLUS /202336514863/681749/BANGALORE,Medical
User7,MPS XXXXXXXXXXXXXX AIIMS /202343829668/944667/BANGALORE,Medical
User13,MPS XXXXXXXXXXXXXX MEDANTA /202370580523/396966/BANGALORE,Medical
User8,ME DC SI/MEDANTA /202304258142/161992/BANGALORE,Medical
User6,MPS/OYO ROOMS /202312188200/960021/BANGALORE,Travel
User3,BIL/IKEA /202316246308/335270/BANGALORE,Shopping
User17,POS/1MG /202334363935/729645/BANGALORE,Medical
User2,ME DC SI XXXXXXXXXXXXX GAANA /202306436098/994445/BANGALORE,Subscription
User13,MPS/COLUMBIA ASIA /202340294018/542183/BANGALORE,Medical
User8,MPS XXXXXXXXXXXXXX PANTALOONS /202326176637/736095/BANGALORE,Shopping
User1,ME DC SI/ZEE5 /202340118356/915556/BANGALORE,Subscription
User6,POS XXXXXXXXXXXXXX FORTIS /202336254534/167133/BANGALORE,Medical
User20,MPS/TACO BELL /202306729197/181172/BANGALORE,Food
User14,ME DC SI XXXXXXXXXXXXX BARBEQUE NATION /202310408172/623957/BANGALORE,Food
User14,ME DC SI/DISNEY+ HOTSTAR /202313709188/790916/BANGALORE,Subscription
User4,BIL/AIR INDIA /202336688892/884451/BANGALORE,Travel
User13,BIL XXXXXXXXXXXXXXX RAVI MEDICINE /202305508543/362149/BANGALORE,Medical
User3,BIL/MAX HEALTHCARE /202324837060/350133/BANGALORE,Medical
User6,ME DC SI XXXXXXXXXXX NETFLIX /202392331010/300340/BANGALORE,Subscription
User10,ME DC SI XXXXXXXXXXX MCDONALDS /202388839901/940980/BANGALORE,Food
User1,MPS/FLIPKART /202355999647/117924/BANGALORE,Shopping
User20,MPS XXXXXXXXXXXXX NETMEDS /202358068047/517272/BANGALORE,Medical
User12,BIL XXXXXXXXXXXXXXX OYO ROOMS /202389765805/370398/BANGALORE,Travel
User15,POS/SARAVANA BHAVAN /202360750555/265598/BANGALORE,Food
User7,MPS/DOMINOS PIZZA /202374372426/530882/BANGALORE,Food
User14,BIL XXXXXXXXXX DECATHLON /202329088581/451305/BANGALORE,Shopping
User18,BIL XXXXXXXXXXXXXX SPICEJET /202356908186/795473/BANGALORE,Travel
User11,ME DC SI/FORTIS /202337138371/516540/BANGALORE,Medical
User2,BIL XXXXXXXXXXXXXXX SPICEJET /202390703497/307372/BANGALORE,Travel
User2,ME DC SI XXXXXXXXXX BIG BAZAAR /202313903039/489002/BANGALORE,Shopping
User5,BIL/INDIGO /202383201420/211653/BANGALORE,Travel
User18,POS XXXXXXXXXXXXXX NETMEDS /202337711091/757251/BANGALORE,Medical
User18,ME DC SI XXXXXXXXXXX HALDIRAMS /202359585645/880233/BANGALORE,Food
User12,BIL/SHOPPERS STOP /202392623896/500246/BANGALORE,Shopping
User17,MPS XXXXXXXXXXXXXXX SHOPPERS STOP /202313441960/173716/BANGALORE,Shopping
User20,ME DC SI/SARAVANA BHAVAN /202385048457/191867/BANGALORE,Food
User4,ME DC SI/NARAYANA HEALTH /202359950459/414798/BANGALORE,Medical
User11,MPS XXXXXXXXXXXXXX KARIM’S /202394702816/389666/BANGALORE,Food
User19,BIL/MEGHNA FOODS /202376206036/147932/BANGALORE,Food
User6,POS/NAGARJUNA BIRYANI /202398727343/833472/BANGALORE,Food
User3,ME DC SI/ESHA SWEETS /202386623931/542589/BANGALORE,Food
User1,BIL XXXXXXXXXXXXXX MANOJ SWEETS /202334450567/253403/BANGALORE,Food
User14,MPS XXXXXXXXXXXXXXX PRIME VIDEO /202323474571/834546/BANGALORE,Subscription
User19,POS XXXXXXXXXXXXX GAANA /202368046557/446907/BANGALORE,Subscription
User1,BIL/AIIMS /202366284503/792464/BANGALORE,Medical
User20,ME DC SI XXXXXXXXXXXXXXX RELIANCE DIGITAL /202390808277/718452/BANGALORE,Shopping
User20,MPS XXXXXXXXXXXXXXX HOTSTAR /202356574972/569581/BANGALORE,Subscription
User1,MPS/FABINDIA /202389890593/373130/BANGALORE,Shopping
User7,POS XXXXXXXXXXXXX MAX HEALTHCARE /202311544033/249692/BANGALORE,Medical
User1,POS XXXXXXXXXXXXXX BURGER KING /202319345838/280298/BANGALORE,Food
User17,BIL XXXXXXXXXX KANTI SWEETS /202385548059/266531/BANGALORE,Food
User15,BIL/TANISHQ /202363684636/645746/BANGALORE,Shopping
User8,BIL XXXXXXXXXXXX RELIANCE DIGITAL /202366827527/724679/BANGALORE,Shopping
User9,BIL XXXXXXXXXX SHOPPERS STOP /202377366319/697585/BANGALORE,Shopping
User2,ME DC SI/VODAFONE RED /202325251278/465073/BANGALORE,Subscription
User2,ME DC SI XXXXXXXXXX HOTSTAR /202334186266/314819/BANGALORE,Subscription
User8,MPS XXXXXXXXXXXXXX ZEE5 /202374922510/979694/BANGALORE,Subscription
User10,POS/VODAFONE RED /202321195741/407016/BANGALORE,Subscription
User10,BIL/PRIME VIDEO /202302675892/538591/BANGALORE,Subscription
User2,ME DC SI/MAX HEALTHCARE /202354704194/506439/BANGALORE,Medical
User15,ME DC SI/DECATHLON /202345124993/972529/BANGALORE,Shopping
User20,MPS/FLIPKART /202332768069/270718/BANGALORE,Shopping
User16,POS XXXXXXXXXXXXXX NARAYANA HEALTH /202317799451/210608/BANGALORE,Medical
User9,BIL/FLIPKART /202381092176/513396/BANGALORE,Shopping
User9,ME DC SI XXXXXXXXXXXXXX NETMEDS /202371283702/964040/BANGALORE,Medical
User14,ME DC SI/FLIPKART /202334019171/439836/BANGALORE,Shopping
User12,MPS XXXXXXXXXXXXXX FLIPKART /202393594235/460016/BANGALORE,Shopping
User6,MPS XXXXXXXXXXXXXX AMAZON /202388044540/453075/BANGALORE,Shopping
User9,POS XXXXXXXXXXXX BUMBLE /202385510712/409715/BANGALORE,Subscription
User16,MPS XXXXXXXXXXXXX MAX HEALTHCARE /202393566879/346023/BANGALORE,Medical
User13,ME DC SI XXXXXXXXXXX AIR INDIA /202370847952/550607/BANGALORE,Travel
User8,MPS XXXXXXXXXXX NETMEDS /202304285630/511509/BANGALORE,Medical
User12,MPS XXXXXXXXXXXXXX AIR INDIA /202397033171/262160/BANGALORE,Travel
User14,POS XXXXXXXXXXXXXX KARIM’S /202300006038/244696/BANGALORE,Food
User16,ME DC SI XXXXXXXXXXXX BUMBLE /202373678728/726931/BANGALORE,Subscription
User3,BIL/RAVI MEDICINE /202388328841/573220/BANGALORE,Medical
User11,ME DC SI/TACO BELL /202389459952/359321/BANGALORE,Food
User18,ME DC SI XXXXXXXXXXX FLIPKART /202302672188/678953/BANGALORE,Shopping
User20,BIL/IKEA /202302142357/968764/BANGALORE,Shopping
User11,POS/DOMINOS PIZZA /202391103462/166200/BANGALORE,Food
User15,ME DC SI XXXXXXXXXXXX TACO BELL /202337295617/921952/BANGALORE,Food
User12,ME DC SI XXXXXXXXXXXXXX GAANA /202397380108/179215/BANGALORE,Subscription
User10,MPS/ZEE5 /202351479523/745199/BANGALORE,Subscription
User2,POS XXXXXXXXXX DISNEY+ HOTSTAR /202302835224/655871/BANGALORE,Subscription
User14,BIL/MANIS DUM BIRYANI /202315972964/625237/BANGALORE,Food
User16,POS XXXXXXXXXXXXX PARADISE BIRYANI /202353987442/837800/BANGALORE,Food
User11,BIL/SPOTIFY /202302122274/469088/BANGALORE,Subscription
User5,ME DC SI/1MG /202350668904/410645/BANGALORE,Medical
User4,MPS XXXXXXXXXXX TANISHQ /202361375108/775783/BANGALORE,Shopping
User15,ME DC SI/MEDPLUS /202362777766/728506/BANGALORE,Medical
User2,MPS/BARBEQUE NATION /202335388742/919141/BANGALORE,Food
User17,BIL/KARIM’S /202351042900/653519/BANGALORE,Food
User7,ME DC SI/IKEA /202305844899/355029/BANGALORE,Shopping
User8,BIL XXXXXXXXXXXXXX FABINDIA /202371292848/611582/BANGALORE,Shopping
User11,POS XXXXXXXXXXXXXXX HOTSTAR /202366218067/829602/BANGALORE,Subscription
User15,MPS XXXXXXXXXXXXX TRUFFLES /202300253721/336740/BANGALORE,Food
User7,BIL/MEDANTA /202307237006/101136/BANGALORE,Medical
User19,MPS XXXXXXXXXXXXXXX DISNEY+ HOTSTAR /202312542250/542761/BANGALORE,Subscription
User18,POS XXXXXXXXXXX MAKEMYTRIP /202392041473/307448/BANGALORE,Travel
User2,POS/IRCTC /202305923028/290967/BANGALORE,Travel
User10,ME DC SI/BIG BAZAAR /202336550226/652248/BANGALORE,Shopping
User6,ME DC SI XXXXXXXXXXX GOIBIBO /202377492311/317181/BANGALORE,Travel
User17,BIL XXXXXXXXXXXXXXX PARADISE BIRYANI /202312149586/460083/BANGALORE,Food
User14,POS/TRUFFLES /202387843147/199221/BANGALORE,Food
User3,MPS/DECATHLON /202324705698/303797/BANGALORE,Shopping
User6,ME DC SI/DISNEY+ HOTSTAR /202304120348/184915/BANGALORE,Subscription
User2,POS XXXXXXXXXXXX NETFLIX /202328658427/803254/BANGALORE,Subscription
User2,BIL XXXXXXXXXX FLIPKART /202366728777/828571/BANGALORE,Shopping
User17,MPS XXXXXXXXXX HOTSTAR /202333429225/823186/BANGALORE,Subscription
User19,POS/MAKEMYTRIP /202370936999/370352/BANGALORE,Travel
User14,MPS XXXXXXXXXX ALT BALAJI /202348211707/395071/BANGALORE,Subscription
User8,MPS XXXXXXXXXXXXXX COLUMBIA ASIA /202300428689/340207/BANGALORE,Medical
User19,POS XXXXXXXXXXXXXX SPOTIFY /202332768052/243572/BANGALORE,Subscription
User16,BIL/MANIS DUM BIRYANI /202364585188/562030/BANGALORE,Food
User6,POS/BUMBLE /202311135153/132949/BANGALORE,Subscription
User19,BIL/FABINDIA /202357788072/637014/BANGALORE,Shopping
User3,BIL/BARBEQUE NATION /202359414500/461283/BANGALORE,Food
User16,MPS/TRIVAGO /202377805705/610283/BANGALORE,Travel
User4,ME DC SI/PRIME VIDEO /202399119502/290354/BANGALORE,Subscription
User13,MPS XXXXXXXXXXXXX COLUMBIA ASIA /202346644518/110401/BANGALORE,Medical
User20,MPS XXXXXXXXXXXXXX TANISHQ /202326049382/369849/BANGALORE,Shopping
User4,POS/MAKEMYTRIP /202364474520/261039/BANGALORE,Travel
User16,ME DC SI XXXXXXXXXXXXX RAVI MEDICINE /202348181458/371758/BANGALORE,Medical
User11,ME DC SI/BIG BAZAAR /202382950021/652567/BANGALORE,Shopping
User13,ME DC SI/MAX HEALTHCARE /202333435854/232076/BANGALORE,Medical
User17,ME DC SI XXXXXXXXXXXX MANIS DUM BIRYANI /202318737764/294841/BANGALORE,Food
User2,BIL/1MG /202392218527/490968/BANGALORE,Medical
User12,ME DC SI/MANOJ SWEETS /202333065590/415649/BANGALORE,Food
User10,POS/MAX HEALTHCARE /202395293133/906000/BANGALORE,Medical
User6,MPS/MCDONALDS /202305547773/860065/BANGALORE,Food
User8,MPS/TANISHQ /202388026753/648988/BANGALORE,Shopping
User17,BIL XXXXXXXXXXXXXXX MAKEMYTRIP /202331965688/927737/BANGALORE,Travel
User11,BIL XXXXXXXXXXX RELIANCE DIGITAL /202310733234/571946/BANGALORE,Shopping
User5,POS/IRCTC /202340800831/691464/BANGALORE,Travel
User6,MPS/FABINDIA /202366560278/920149/BANGALORE,Shopping
User13,BIL XXXXXXXXXX PARADISE BIRYANI /202378112465/572989/BANGALORE,Food
User14,POS/KANTI SWEETS /202305800377/423508/BANGALORE,Food
User5,BIL XXXXXXXXXXXXXXX RELIANCE DIGITAL /202376941425/101494/BANGALORE,Shopping
User15,POS/PARADISE BIRYANI /202314462883/907292/BANGALORE,Food
User6,ME DC SI/PRIME VIDEO /202312684566/498278/BANGALORE,Subscription
User19,BIL/SARAVANA BHAVAN /202346814253/217646/BANGALORE,Food
User14,POS XXXXXXXXXXXXXXX HALDIRAMS /202317153981/410648/BANGALORE,Food
User7,BIL/SONY LIV /202346044408/633615/BANGALORE,Subscription
User5,MPS XXXXXXXXXXXXXXX SPICEJET /202308005244/150770/BANGALORE,Travel
User15,MPS XXXXXXXXXXXXX IRCTC /202309566430/529167/BANGALORE,Travel
User4,MPS XXXXXXXXXXXXXXX 1MG /202307174043/484979/BANGALORE,Medical
User15,POS XXXXXXXXXXXX SHOPPERS STOP /202367799357/285999/BANGALORE,Shopping
User6,MPS XXXXXXXXXXXXXX MAX HEALTHCARE /202369621610/566863/BANGALORE,Medical
User19,ME DC SI/ESHA SWEETS /202344827737/766226/BANGALORE,Food
User11,MPS/NAGARJUNA BIRYANI /202399797252/800650/BANGALORE,Food
User11,MPS XXXXXXXXXXXX KANTI SWEETS /202330322100/795631/BANGALORE,Food
User1,POS/YATRA /202316544487/190295/BANGALORE,Travel
User10,POS XXXXXXXXXX MEDPLUS /202313428816/911499/BANGALORE,Medical
User10,ME DC SI XXXXXXXXXX ARUN MEDICAL /202367637295/329359/BANGALORE,Medical
User4,ME DC SI/BUMBLE /202306039862/279515/BANGALORE,Subscription
User5,BIL XXXXXXXXXXX MANOJ SWEETS /202316476724/592578/BANGALORE,Food
User15,MPS/NETMEDS /202313464678/566294/BANGALORE,Medical
User1,ME DC SI XXXXXXXXXX AMAZON /202373549406/799121/BANGALORE,Shopping
User2,ME DC SI/AMAZON /202329689529/655248/BANGALORE,Shopping
User10,ME DC SI XXXXXXXXXXX BARBEQUE NATION /202332976613/879346/BANGALORE,Food
User7,POS XXXXXXXXXXXXXXX COLUMBIA ASIA /202355943588/869561/BANGALORE,Medical
User5,POS/SONY LIV /202388201226/136366/BANGALORE,Subscription
User13,BIL XXXXXXXXXXXXXX OYO ROOMS /202392023303/601951/BANGALORE,Travel
User3,MPS/VODAFONE RED /202364992528/659848/BANGALORE,Subscription
User1,BIL/HOTSTAR /202308602539/985298/BANGALORE,Subscription
User15,MPS/TRIVAGO /202317676401/522820/BANGALORE,Travel
User15,BIL/ALT BALAJI /202381512921/119430/BANGALORE,Subscription
User7,MPS XXXXXXXXXXXXXX TINDER /202395304730/645332/BANGALORE,Subscription
User9,ME DC SI XXXXXXXXXXX TRIVAGO /202311451868/104083/BANGALORE,Travel
User12,BIL XXXXXXXXXXXXXX NARAYANA HEALTH /202395409272/795846/BANGALORE,Medical
User4,MPS XXXXXXXXXX VODAFONE RED /202359600133/126755/BANGALORE,Subscription
User4,ME DC SI/1MG /202352874804/572394/BANGALORE,Medical
User4,BIL/TRUFFLES /202319173556/900162/BANGALORE,Food
User10,ME DC SI/SHOPPERS STOP /202390883657/778569/BANGALORE,Shopping
User16,MPS XXXXXXXXXX MAKEMYTRIP /202355867043/437526/BANGALORE,Travel
User7,POS XXXXXXXXXXXXXX BOOKING.COM /202318552843/493653/BANGALORE,Travel
User9,BIL/MAX HEALTHCARE /202302656920/296427/BANGALORE,Medical
User16,MPS/YATRA /202383148662/257511/BANGALORE,Travel
User3,BIL XXXXXXXXXXXX GAANA /202379974176/647652/BANGALORE,Subscription
User1,BIL XXXXXXXXXXXX MEDPLUS /202359758066/188182/BANGALORE,Medical
User11,BIL/AIIMS /202397842281/348359/BANGALORE,Medical
User8,ME DC SI/TACO BELL /202389077894/335043/BANGALORE,Food
User17,MPS/NETFLIX /202320183807/824635/BANGALORE,Subscription
User16,BIL/OYO ROOMS /202325240183/991237/BANGALORE,Travel
User16,POS XXXXXXXXXXX ZEE5 /202392949605/651208/BANGALORE,Subscription
User14,BIL/TRIVAGO /202315779637/936515/BANGALORE,Travel
User11,POS/MAKEMYTRIP /202367809159/972743/BANGALORE,Travel
User8,MPS XXXXXXXXXXXX SARAVANA BHAVAN /202398353609/105580/BANGALORE,Food
User2,MPS XXXXXXXXXX RAVI MEDICINE /202325276777/287182/BANGALORE,Medical
User18,BIL XXXXXXXXXXXX BUMBLE /202389080306/928264/BANGALORE,Subscription
User20,POS XXXXXXXXXXXXX OYO ROOMS /202392415295/905676/BANGALORE,Travel
User2,MPS XXXXXXXXXXXXX NETMEDS /202363515882/314117/BANGALORE,Medical
User10,BIL/MEDANTA /202335030649/890182/BANGALORE,Medical
User3,BIL XXXXXXXXXXXXX 1MG /202338628282/667204/BANGALORE,Medical
User15,POS XXXXXXXXXXXXX TRIVAGO /202302472498/943189/BANGALORE,Travel
User16,POS XXXXXXXXXXXXXX RELIANCE DIGITAL /202361860054/628071/BANGALORE,Shopping
User19,MPS/AMAZON /202346918376/396565/BANGALORE,Shopping
User16,MPS XXXXXXXXXX PANTALOONS /202380824859/211369/BANGALORE,Shopping
User10,POS/AIIMS /202352575513/243690/BANGALORE,Medical
User7,BIL/DISNEY+ HOTSTAR /202375429040/955279/BANGALORE,Subscription
User8,BIL XXXXXXXXXXXXX SHOPPERS STOP /202358206053/874764/BANGALORE,Shopping
User3,POS/GOIBIBO /202324580439/181243/BANGALORE,Travel
User9,BIL/GAANA /202318073867/804094/BANGALORE,Subscription
User2,ME DC SI/PANTALOONS /202348317509/776880/BANGALORE,Shopping
User15,ME DC SI XXXXXXXXXXXXX ZEE5 /202385988239/528419/BANGALORE,Subscription
User19,ME DC SI XXXXXXXXXXX BUMBLE /202349531934/631701/BANGALORE,Subscription
User6,BIL XXXXXXXXXXXXXX RELIANCE DIGITAL /202300218876/563613/BANGALORE,Shopping
User17,MPS/TACO BELL /202338584773/238369/BANGALORE,Food
User10,BIL/HALDIRAMS /202399277589/832437/BANGALORE,Food
User13,POS/FABINDIA /202349367786/574688/BANGALORE,Shopping
User18,ME DC SI/BIG BAZAAR /202372541263/644314/BANGALORE,Shopping
User15,BIL/RELIANCE DIGITAL /202393308063/812652/BANGALORE,Shopping
User4,MPS/OYO ROOMS /202329078343/381092/BANGALORE,Travel
User15,POS XXXXXXXXXXXXXXX 1MG /202375904000/824691/BANGALORE,Medical
User12,POS/TANISHQ /202301617758/702490/BANGALORE,Shopping
User20,ME DC SI/BIG BAZAAR /202356485942/695038/BANGALORE,Shopping
User6,BIL/SHOPPERS STOP /202374377075/357065/BANGALORE,Shopping
User2,MPS XXXXXXXXXXXX TINDER /202384665746/360677/BANGALORE,Subscription
User4,POS XXXXXXXXXXXXXX IRCTC /202365889273/615520/BANGALORE,Travel
User6,MPS XXXXXXXXXX KANTI SWEETS /202395124536/298746/BANGALORE,Food
User20,MPS/GAANA /202314730857/469166/BANGALORE,Subscription
User19,ME DC SI XXXXXXXXXXXXXXX MEDANTA /202399667771/487170/BANGALORE,Medical
User16,MPS/KANTI SWEETS /202343021004/733815/BANGALORE,Food
User2,BIL XXXXXXXXXXX MAKEMYTRIP /202313803788/242303/BANGALORE,Travel
User7,POS/FABINDIA /202313734998/298334/BANGALORE,Shopping
User11,ME DC SI XXXXXXXXXX INDIGO /202338502738/849830/BANGALORE,Travel
User18,BIL XXXXXXXXXXXXXXX MEDPLUS /202361660926/156872/BANGALORE,Medical
User16,ME DC SI/GOIBIBO /202365291145/342170/BANGALORE,Travel
User5,ME DC SI/MCDONALDS /202308564583/299009/BANGALORE,Food
User5,BIL/SARAVANA BHAVAN /202343310183/117403/BANGALORE,Food
User3,BIL XXXXXXXXXXX SPOTIFY /202318665748/724698/BANGALORE,Subscription
User15,MPS XXXXXXXXXXX AIR INDIA /202373513686/384453/BANGALORE,Travel
User9,ME DC SI/YATRA /202346525590/568105/BANGALORE,Travel
User5,ME DC SI/ESHA SWEETS /202306475069/968325/BANGALORE,Food
User8,POS XXXXXXXXXXXXX ALT BALAJI /202392377182/748490/BANGALORE,Subscription
User12,POS/NETMEDS /202325191189/735524/BANGALORE,Medical
User1,MPS/PANTALOONS /202338301927/467106/BANGALORE,Shopping
User12,BIL XXXXXXXXXX AMAZON /202356912819/264777/BANGALORE,Shopping
User3,ME DC SI/PARADISE BIRYANI /202371908056/254250/BANGALORE,Food
User7,MPS/SARAVANA BHAVAN /202365122902/887820/BANGALORE,Food
User20,MPS XXXXXXXXXXXXXX SONY LIV /202357152626/192604/BANGALORE,Subscription
User2,POS XXXXXXXXXXXX SONY LIV /202377441567/295903/BANGALORE,Subscription
User5,POS/NETMEDS /202348643961/801509/BANGALORE,Medical
User13,POS/FORTIS /202302712270/369783/BANGALORE,Medical
User20,POS XXXXXXXXXXXXXXX KARIM’S /202397877947/430200/BANGALORE,Food
User19,ME DC SI/MANIS DUM BIRYANI /202353261662/754854/BANGALORE,Food
User16,POS/BARBEQUE NATION /202372923854/979078/BANGALORE,Food
User11,ME DC SI/NETFLIX /202381688662/489298/BANGALORE,Subscription
User19,MPS XXXXXXXXXXX NETMEDS /202387128789/818234/BANGALORE,Medical
User18,POS XXXXXXXXXXX MAX HEALTHCARE /202381616329/759779/BANGALORE,Medical
User11,POS/BUMBLE /202306781956/351818/BANGALORE,Subscription
User8,ME DC SI/AMAZON /202374867613/158011/BANGALORE,Shopping
User1,POS XXXXXXXXXXXXXX COLUMBIA ASIA /202353371261/811956/BANGALORE,Medical
User20,POS XXXXXXXXXXXXX BURGER KING /202338928619/581606/BANGALORE,Food
User18,MPS XXXXXXXXXX BURGER KING /202328070025/977247/BANGALORE,Food
User5,POS XXXXXXXXXXXXXXX MAX HEALTHCARE /202364754734/236471/BANGALORE,Medical
User5,ME DC SI/AIR INDIA /202336225604/999200/BANGALORE,Travel
User17,POS XXXXXXXXXXXX NAGARJUNA BIRYANI /202376833244/833214/BANGALORE,Food
User16,POS/AMAZON /202391345987/874981/BANGALORE,Shopping
User14,BIL XXXXXXXXXXXXXX TANISHQ /202361414842/653548/BANGALORE,Shopping
User4,POS XXXXXXXXXXXXXXX DECATHLON /202399594661/882141/BANGALORE,Shopping
User10,POS XXXXXXXXXX FORTIS /202398650410/484847/BANGALORE,Medical
User3,BIL/PANTALOONS /202384200691/765984/BANGALORE,Shopping
User9,BIL/IRCTC /202335613259/240040/BANGALORE,Travel
User8,ME DC SI/AMAZON /202395900791/827819/BANGALORE,Shopping
User15,POS/SHOPPERS STOP /202362062164/756070/BANGALORE,Shopping
User2,ME DC SI XXXXXXXXXXXX ALT BALAJI /202309359566/943638/BANGALORE,Subscription
User4,BIL/FORTIS /202379370766/830121/BANGALORE,Medical
User12,BIL/BOOKING.COM /202348176536/588491/BANGALORE,Travel
User8,BIL XXXXXXXXXXXXXXX BIG BAZAAR /202310519875/813618/BANGALORE,Shopping
User9,BIL XXXXXXXXXXXX FORTIS /202307132704/689681/BANGALORE,Medical
User18,POS/HOTSTAR /202331536151/733481/BANGALORE,Subscription
User1,ME DC SI/GAANA /202302163264/980418/BANGALORE,Subscription
User5,ME DC SI XXXXXXXXXXX TRUFFLES /202385338218/227028/BANGALORE,Food
User10,ME DC SI XXXXXXXXXX DISNEY+ HOTSTAR /202316383610/318638/BANGALORE,Subscription
User19,MPS/INDIGO /202329140310/162342/BANGALORE,Travel
User12,ME DC SI/YATRA /202351278437/467612/BANGALORE,Travel
User3,BIL/MANOJ SWEETS /202393284004/967883/BANGALORE,Food
User6,POS/TRIVAGO /202334974666/502685/BANGALORE,Travel
User9,ME DC SI/BIG BAZAAR /202307135044/343022/BANGALORE,Shopping
User18,MPS XXXXXXXXXXXX NARAYANA HEALTH /202355404250/957253/BANGALORE,Medical
User8,MPS/AIIMS /202301392170/456166/BANGALORE,Medical
User14,MPS XXXXXXXXXXXXXXX MAKEMYTRIP /202313975612/138047/BANGALORE,Travel
User18,BIL/AMAZON /202382654563/693141/BANGALORE,Shopping
User5,ME DC SI/COLUMBIA ASIA /202356479115/597875/BANGALORE,Medical
User12,POS/VODAFONE RED /202370611028/107659/BANGALORE,Subscription
User4,POS/MEGHNA FOODS /202303957759/945763/BANGALORE,Food
User5,ME DC SI XXXXXXXXXX FABINDIA /202312039562/674977/BANGALORE,Shopping
User12,ME DC SI XXXXXXXXXXXXXXX NETFLIX /202355507149/271038/BANGALORE,Subscription
User1,POS/MAX HEALTHCARE /202338650857/473713/BANGALORE,Medical
User4,ME DC SI XXXXXXXXXXXXXXX MEDANTA /202348987685/469228/BANGALORE,Medical
User6,MPS/FLIPKART /202394561806/194383/BANGALORE,Shopping
User13,POS XXXXXXXXXXXXX FLIPKART /202321212082/782428/BANGALORE,Shopping
User3,ME DC SI/TANISHQ /202380343434/348015/BANGALORE,Shopping
User13,MPS XXXXXXXXXX NETMEDS /202339691637/376325/BANGALORE,Medical
